day,month,year
14, Nov,2021
10, Nov,2019
11, Nov,2018
12, Nov,2017
13, Nov,2016
8, Nov,2015
9, Nov,2014
10, Nov,2013
11, Nov,2012
13, Nov,2011
7, Nov,2010
8, Nov,2009
9, Nov,2008
11, Nov,2007
12, Nov,2006
13, Nov,2005
14, Nov,2004
9, Nov,2003
10, Nov,2002
11, Nov,2001
12, Nov,2000
14, Nov,1999
8, Nov,1998
9, Nov,1997
10, Nov,1996
5, Nov,1995
13, Nov,1994
7, Nov,1993
8, Nov,1992
10, Nov,1991
11, Nov,1990
12, Nov,1989
13, Nov,1988
8, Nov,1987
9, Nov,1986
10, Nov,1985
11, Nov,1984
13, Nov,1983
14, Nov,1982
22, Nov,1981
23, Nov,1980
18, Nov,1979
19, Nov,1978
20, Nov,1977
21, Nov,1976
